heroes/deadpool/deadpool_34.jpg 101
food/donut/donut_31.jpg 36
food/cocktail/cocktail_168.jpg 33
food/biscuit/biscuit_87.jpg 37
holidays/valentines_day/valentines_day_27.jpg 19
cars/citroen/citroen_50.jpg 95
nature/water/water_41.jpg 120
cars/maserati/maserati_113.jpg 91
holidays/christmas_tree/christmas_tree_108.jpg 15
miscellaneous/filmstrip/filmstrip_127.jpg 74
food/bagel/bagel_15.jpg 34
objects/matryoshka_doll/matryoshka_doll_11.jpg 51
furniture/carpet/carpet_38.jpg 83
miscellaneous/smiley/smiley_12.jpg 80
nature/wheat/wheat_25.jpg 119
holidays/valentines_day/valentines_day_87.jpg 19
flowers/vase/vase_116.jpg 0
sport/football/football_73.jpg 22
fantasy/buddha/buddha_68.jpg 10
objects/dice/dice_56.jpg 52
miscellaneous/music_notes/music_notes_89.jpg 76
alphabet/question_mark/question_mark_86.jpg 61
heroes/mickey_mouse/mickey_mouse_13.jpg 104
animals/birds/birds_17.jpg 127
flowers/rose/rose_159.jpg 1
architecture/building/building_18.jpg 111
fantasy/fairy/fairy_110.jpg 8
jewelry/ring/ring_15.jpg 118
words_phrases/thank_you/thank_you_4.jpg 38
flowers/rose/rose_284.jpg 1
nature/water/water_66.jpg 120
cars/lada/lada_48.jpg 90
objects/phone/phone_94.jpg 54
architecture/building/building_56.jpg 111
animals/dog/dog_152.jpg 126
technic/megaphone/megaphone_78.jpg 40
objects/phone/phone_36.jpg 54
animals/dog/dog_186.jpg 126
objects/alarm_clock/alarm_clock_70.jpg 58
nature/wheat/wheat_104.jpg 119
cars/maserati/maserati_30.jpg 91
flowers/vase/vase_43.jpg 0
sport/cycling/cycling_17.jpg 24
people/baby/baby_104.jpg 4
animals/dog/dog_53.jpg 126
animals/dog/dog_165.jpg 126
animals/goldfish/goldfish_39.jpg 124
alphabet/question_mark/question_mark_1.jpg 61
holidays/christmas_tree/christmas_tree_112.jpg 15
sport/cycling/cycling_57.jpg 24
miscellaneous/blood/blood_28.jpg 78
people/baby/baby_74.jpg 4
objects/heart/heart_242.jpg 44
food/ice_cream/ice_cream_20.jpg 32
cars/lada/lada_93.jpg 90
furniture/mattresse/mattresse_5.jpg 84
electronics/telescope/telescope_54.jpg 86
animals/cat/cat_35.jpg 125
objects/phone/phone_116.jpg 54
miscellaneous/filmstrip/filmstrip_110.jpg 74
heroes/teddy_bear/teddy_bear_124.jpg 109
fruits/apple/apple_7.jpg 20
objects/first_aid_kit/first_aid_kit_12.jpg 46
miscellaneous/box/box_6.jpg 81
cars/jeep/jeep_36.jpg 99
jewelry/treasure_chest/treasure_chest_112.jpg 116
objects/phone/phone_47.jpg 54
fantasy/fairy/fairy_132.jpg 8
electronics/telescope/telescope_90.jpg 86
jewelry/necklace/necklace_11.jpg 117
electronics/robot/robot_14.jpg 88
objects/glasses/glasses_189.jpg 50
miscellaneous/pin/pin_21.jpg 75
animals/hummingbird/hummingbird_75.jpg 123
food/cocktail/cocktail_124.jpg 33
weapons/bullets/bullets_129.jpg 69
objects/star/star_101.jpg 55
jewelry/gold_medal/gold_medal_37.jpg 115
flowers/vase/vase_104.jpg 0
food/donut/donut_59.jpg 36
sport/cycling/cycling_90.jpg 24
sport/roller_skates/roller_skates_76.jpg 23
food/pancake/pancake_19.jpg 35
cars/lada/lada_25.jpg 90
fantasy/witch/witch_66.jpg 6
objects/bell/bell_133.jpg 57
alphabet/letter_g/letter_g_83.jpg 62
fantasy/alien/alien_22.jpg 7
electronics/telescope/telescope_23.jpg 86
weapons/jet_fighter/jet_fighter_22.jpg 70
people/baby/baby_90.jpg 4
people/fingerprint/fingerprint_75.jpg 5
logos/wifi/wifi_135.jpg 2
animals/cow/cow_9.jpg 122
animals/birds/birds_110.jpg 127
objects/dice/dice_130.jpg 52
objects/dice/dice_27.jpg 52
objects/first_aid_kit/first_aid_kit_94.jpg 46
cars/citroen/citroen_45.jpg 95
animals/cat/cat_154.jpg 125
holidays/christmas_tree/christmas_tree_70.jpg 15
cars/kia/kia_12.jpg 94
food/soup/soup_48.jpg 28
cars/jeep/jeep_104.jpg 99
fantasy/mosque/mosque_73.jpg 11
fruits/apple/apple_104.jpg 20
objects/piggy_bank/piggy_bank_22.jpg 49
miscellaneous/music_notes/music_notes_64.jpg 76
nature/water/water_53.jpg 120
objects/piggy_bank/piggy_bank_106.jpg 49
cars/mitsubishi/mitsubishi_13.jpg 93
food/cocktail/cocktail_14.jpg 33
objects/bell/bell_13.jpg 57
animals/birds/birds_60.jpg 127
food/cookie/cookie_20.jpg 29
food/pizza/pizza_96.jpg 26
furniture/mattresse/mattresse_99.jpg 84
food/pizza/pizza_115.jpg 26
electronics/flashlight/flashlight_163.jpg 85
alphabet/question_mark/question_mark_19.jpg 61
food/soup/soup_35.jpg 28
miscellaneous/filmstrip/filmstrip_132.jpg 74
miscellaneous/palette/palette_92.jpg 79
objects/coin/coin_61.jpg 48
objects/piggy_bank/piggy_bank_70.jpg 49
holidays/valentines_day/valentines_day_54.jpg 19
cars/lada/lada_29.jpg 90
astrological_signs/capricorn/capricorn_62.jpg 25
objects/sunglasses/sunglasses_149.jpg 53
food/bread/bread_14.jpg 27
heroes/ironman/ironman_81.jpg 105
heroes/captain_america/captain_america_31.jpg 103
clothing/towel/towel_79.jpg 65
clothing/dress/dress_186.jpg 66
clothing/dress/dress_71.jpg 66
jewelry/gold_medal/gold_medal_5.jpg 115
food/cookie/cookie_16.jpg 29
clothing/blanket/blanket_62.jpg 68
cars/lada/lada_65.jpg 90
flowers/vase/vase_26.jpg 0
animals/dog/dog_127.jpg 126
objects/sunglasses/sunglasses_155.jpg 53
cars/traffic_light/traffic_light_21.jpg 96
animals/birds/birds_54.jpg 127
holidays/carnival_mask/carnival_mask_130.jpg 17
food/pizza/pizza_20.jpg 26
miscellaneous/box/box_71.jpg 81
animals/cow/cow_51.jpg 122
heroes/hulk/hulk_68.jpg 100
heroes/mickey_mouse/mickey_mouse_16.jpg 104
objects/glasses/glasses_22.jpg 50
technic/typewriter/typewriter_61.jpg 39
miscellaneous/music_notes/music_notes_23.jpg 76
astrological_signs/capricorn/capricorn_48.jpg 25
food/soup/soup_32.jpg 28
alphabet/plus/plus_95.jpg 59
cars/citroen/citroen_56.jpg 95
architecture/fence/fence_23.jpg 110
clothing/dress/dress_3.jpg 66
fantasy/mosque/mosque_98.jpg 11
weapons/jet_fighter/jet_fighter_70.jpg 70
miscellaneous/filmstrip/filmstrip_89.jpg 74
cars/mazda/mazda_63.jpg 98
objects/dice/dice_49.jpg 52
flowers/rose/rose_106.jpg 1
animals/dog/dog_108.jpg 126
miscellaneous/flags/flags_2.jpg 77
food/pasta/pasta_59.jpg 30
flowers/rose/rose_112.jpg 1
flowers/rose/rose_27.jpg 1
animals/dog/dog_65.jpg 126
cars/mitsubishi/mitsubishi_90.jpg 93
heroes/ironman/ironman_39.jpg 105
electronics/robot/robot_28.jpg 88
alphabet/letter_c/letter_c_13.jpg 64
cars/mitsubishi/mitsubishi_177.jpg 93
weapons/%D1%81annon/%D1%81annon_7.jpg 71
jewelry/treasure_chest/treasure_chest_62.jpg 116
objects/book/book_98.jpg 45
alphabet/question_mark/question_mark_141.jpg 61
people/fingerprint/fingerprint_57.jpg 5
alphabet/letter_g/letter_g_62.jpg 62
objects/heart/heart_172.jpg 44
astrological_signs/capricorn/capricorn_50.jpg 25
fantasy/buddha/buddha_89.jpg 10
holidays/santa_claus/santa_claus_84.jpg 16
symbols/at_sign/at_sign_27.jpg 114
furniture/carpet/carpet_132.jpg 83
sport/football/football_90.jpg 22
people/baby/baby_57.jpg 4
objects/sunglasses/sunglasses_24.jpg 53
heroes/spider_man/spider_man_28.jpg 108
technic/tap/tap_44.jpg 41
food/soup/soup_95.jpg 28
animals/dog/dog_87.jpg 126
fantasy/witch/witch_62.jpg 6
cars/mazda/mazda_128.jpg 98
food/cocktail/cocktail_99.jpg 33
flowers/vase/vase_173.jpg 0
fantasy/mosque/mosque_70.jpg 11
clothing/dress/dress_40.jpg 66
cars/maserati/maserati_27.jpg 91
people/fingerprint/fingerprint_20.jpg 5
miscellaneous/blood/blood_59.jpg 78
people/baby/baby_40.jpg 4
heroes/mickey_mouse/mickey_mouse_58.jpg 104
food/ice_cream/ice_cream_48.jpg 32
animals/dog/dog_56.jpg 126
heroes/hulk/hulk_29.jpg 100
electronics/phone_hand/phone_hand_101.jpg 87
cars/jeep/jeep_55.jpg 99
food/pizza/pizza_124.jpg 26
objects/book/book_8.jpg 45
animals/goldfish/goldfish_46.jpg 124
food/bagel/bagel_4.jpg 34
objects/glasses/glasses_129.jpg 50
people/skeleton/skeleton_52.jpg 3
technic/tap/tap_43.jpg 41
heroes/deadpool/deadpool_12.jpg 101
holidays/carnival_mask/carnival_mask_69.jpg 17
alphabet/letter_g/letter_g_81.jpg 62
people/baby/baby_76.jpg 4
objects/sunglasses/sunglasses_73.jpg 53
furniture/mattresse/mattresse_97.jpg 84
jewelry/ring/ring_25.jpg 118
miscellaneous/flags/flags_69.jpg 77
objects/coin/coin_9.jpg 48
heroes/ironman/ironman_60.jpg 105
cars/dodge/dodge_85.jpg 92
animals/dog/dog_217.jpg 126
fantasy/alien/alien_78.jpg 7
weapons/bullets/bullets_7.jpg 69
miscellaneous/box/box_79.jpg 81
cars/jeep/jeep_33.jpg 99
objects/dice/dice_37.jpg 52
food/pizza/pizza_3.jpg 26
cars/dodge/dodge_107.jpg 92
clothing/towel/towel_78.jpg 65
furniture/mattresse/mattresse_32.jpg 84
heroes/deadpool/deadpool_89.jpg 101
miscellaneous/cursor/cursor_96.jpg 73
cars/jeep/jeep_117.jpg 99
symbols/at_sign/at_sign_81.jpg 114
technic/megaphone/megaphone_83.jpg 40
fantasy/alien/alien_29.jpg 7
miscellaneous/box/box_29.jpg 81
alphabet/letter_h/letter_h_83.jpg 60
objects/glasses/glasses_39.jpg 50
fantasy/witch/witch_42.jpg 6
symbols/at_sign/at_sign_14.jpg 114
holidays/christmas_tree/christmas_tree_132.jpg 15
animals/dog/dog_78.jpg 126
words_phrases/thank_you/thank_you_139.jpg 38
animals/cow/cow_61.jpg 122
objects/piggy_bank/piggy_bank_80.jpg 49
clothing/cowboy_hat/cowboy_hat_64.jpg 67
alphabet/letter_h/letter_h_74.jpg 60
animals/cat/cat_149.jpg 125
animals/hummingbird/hummingbird_87.jpg 123
objects/gavel/gavel_21.jpg 47
animals/goldfish/goldfish_20.jpg 124
sport/football/football_16.jpg 22
weapons/jet_fighter/jet_fighter_128.jpg 70
alphabet/plus/plus_71.jpg 59
fantasy/fairy/fairy_81.jpg 8
flowers/rose/rose_169.jpg 1
heroes/spider_man/spider_man_40.jpg 108
food/cocktail/cocktail_104.jpg 33
cars/acura/acura_110.jpg 97
flowers/rose/rose_171.jpg 1
nature/wheat/wheat_12.jpg 119
animals/fish/fish_114.jpg 121
objects/piggy_bank/piggy_bank_69.jpg 49
objects/dice/dice_83.jpg 52
fantasy/gravestone/gravestone_52.jpg 9
food/pasta/pasta_24.jpg 30
cars/mitsubishi/mitsubishi_54.jpg 93
heroes/teddy_bear/teddy_bear_18.jpg 109
objects/book/book_41.jpg 45
miscellaneous/cursor/cursor_25.jpg 73
cars/maserati/maserati_50.jpg 91
objects/star/star_34.jpg 55
flowers/rose/rose_116.jpg 1
holidays/christmas_tree/christmas_tree_140.jpg 15
miscellaneous/filmstrip/filmstrip_129.jpg 74
fantasy/alien/alien_59.jpg 7
objects/star/star_96.jpg 55
animals/hummingbird/hummingbird_78.jpg 123
objects/dice/dice_119.jpg 52
miscellaneous/music_notes/music_notes_32.jpg 76
cars/lada/lada_141.jpg 90
flowers/rose/rose_306.jpg 1
holidays/christmas_tree/christmas_tree_39.jpg 15
holidays/santa_hat/santa_hat_39.jpg 14
numbers/2019/2019_80.jpg 13
flowers/vase/vase_100.jpg 0
weapons/jet_fighter/jet_fighter_43.jpg 70
heroes/batman/batman_16.jpg 106
clothing/towel/towel_23.jpg 65
animals/birds/birds_106.jpg 127
sport/poker/poker_26.jpg 21
sport/football/football_66.jpg 22
cars/dodge/dodge_68.jpg 92
alphabet/question_mark/question_mark_55.jpg 61
electronics/flashlight/flashlight_117.jpg 85
sport/cycling/cycling_41.jpg 24
food/cocktail/cocktail_133.jpg 33
clothing/cowboy_hat/cowboy_hat_50.jpg 67
cars/citroen/citroen_7.jpg 95
jewelry/gold_medal/gold_medal_68.jpg 115
heroes/mickey_mouse/mickey_mouse_65.jpg 104
objects/glasses/glasses_42.jpg 50
clothing/dress/dress_54.jpg 66
food/cookie/cookie_43.jpg 29
objects/piggy_bank/piggy_bank_96.jpg 49
animals/dog/dog_175.jpg 126
fantasy/alien/alien_5.jpg 7
flowers/rose/rose_173.jpg 1
objects/tv/tv_47.jpg 56
food/bagel/bagel_84.jpg 34
electronics/phone_hand/phone_hand_71.jpg 87
miscellaneous/lego/lego_69.jpg 72
sport/roller_skates/roller_skates_48.jpg 23
animals/goldfish/goldfish_85.jpg 124
flowers/vase/vase_56.jpg 0
objects/first_aid_kit/first_aid_kit_50.jpg 46
food/bread/bread_38.jpg 27
furniture/mattresse/mattresse_119.jpg 84
alphabet/plus/plus_75.jpg 59
holidays/carnival_mask/carnival_mask_73.jpg 17
cars/acura/acura_31.jpg 97
objects/bell/bell_81.jpg 57
nature/wheat/wheat_93.jpg 119
technic/typewriter/typewriter_67.jpg 39
weapons/bullets/bullets_139.jpg 69
food/pizza/pizza_150.jpg 26
miscellaneous/smiley/smiley_25.jpg 80
animals/cow/cow_91.jpg 122
food/croissant/croissant_98.jpg 31
furniture/mattresse/mattresse_75.jpg 84
objects/heart/heart_162.jpg 44
flowers/vase/vase_111.jpg 0
fantasy/mermaid/mermaid_44.jpg 12
jewelry/gold_medal/gold_medal_107.jpg 115
miscellaneous/pin/pin_56.jpg 75
holidays/santa_hat/santa_hat_70.jpg 14
holidays/valentines_day/valentines_day_21.jpg 19
animals/birds/birds_100.jpg 127
food/biscuit/biscuit_90.jpg 37
sport/roller_skates/roller_skates_15.jpg 23
miscellaneous/palette/palette_34.jpg 79
cars/mitsubishi/mitsubishi_181.jpg 93
clothing/blanket/blanket_50.jpg 68
clothing/dress/dress_161.jpg 66
sport/roller_skates/roller_skates_58.jpg 23
food/soup/soup_39.jpg 28
heroes/spider_man/spider_man_20.jpg 108
fantasy/buddha/buddha_26.jpg 10
logos/wifi/wifi_107.jpg 2
food/cocktail/cocktail_150.jpg 33
clothing/cowboy_hat/cowboy_hat_49.jpg 67
alphabet/plus/plus_22.jpg 59
cars/maserati/maserati_105.jpg 91
fantasy/witch/witch_30.jpg 6
animals/cat/cat_134.jpg 125
logos/wifi/wifi_5.jpg 2
food/pancake/pancake_55.jpg 35
technic/tap/tap_38.jpg 41
alphabet/letter_f/letter_f_13.jpg 63
holidays/christmas/christmas_84.jpg 18
numbers/2019/2019_52.jpg 13
alphabet/letter_h/letter_h_100.jpg 60
heroes/mario/mario_24.jpg 102
objects/heart/heart_145.jpg 44
objects/book/book_68.jpg 45
architecture/building/building_13.jpg 111
electronics/phone_hand/phone_hand_45.jpg 87
miscellaneous/pin/pin_92.jpg 75
fantasy/alien/alien_45.jpg 7
heroes/teddy_bear/teddy_bear_113.jpg 109
objects/glasses/glasses_38.jpg 50
objects/first_aid_kit/first_aid_kit_106.jpg 46
food/pancake/pancake_54.jpg 35
cars/jeep/jeep_127.jpg 99
cars/kia/kia_51.jpg 94
cars/jeep/jeep_79.jpg 99
objects/matryoshka_doll/matryoshka_doll_60.jpg 51
holidays/christmas_tree/christmas_tree_6.jpg 15
numbers/2019/2019_14.jpg 13
cars/mitsubishi/mitsubishi_3.jpg 93
heroes/mickey_mouse/mickey_mouse_17.jpg 104
electronics/telescope/telescope_79.jpg 86
astrological_signs/capricorn/capricorn_6.jpg 25
heroes/deadpool/deadpool_47.jpg 101
fantasy/buddha/buddha_31.jpg 10
objects/heart/heart_71.jpg 44
furniture/mattresse/mattresse_94.jpg 84
food/cookie/cookie_37.jpg 29
holidays/christmas_tree/christmas_tree_120.jpg 15
heroes/hulk/hulk_22.jpg 100
fantasy/fairy/fairy_58.jpg 8
animals/dog/dog_106.jpg 126
miscellaneous/smiley/smiley_48.jpg 80
heroes/mickey_mouse/mickey_mouse_59.jpg 104
cars/dodge/dodge_114.jpg 92
technic/megaphone/megaphone_22.jpg 40
miscellaneous/box/box_67.jpg 81
fruits/apple/apple_34.jpg 20
jewelry/gold_medal/gold_medal_108.jpg 115
electronics/telescope/telescope_40.jpg 86
electronics/phone_hand/phone_hand_14.jpg 87
transport/jet_ski/jet_ski_44.jpg 82
animals/birds/birds_32.jpg 127
heroes/hulk/hulk_65.jpg 100
objects/book/book_24.jpg 45
food/pancake/pancake_80.jpg 35
miscellaneous/smiley/smiley_66.jpg 80
miscellaneous/palette/palette_3.jpg 79
technic/ruler/ruler_11.jpg 42
animals/cat/cat_175.jpg 125
objects/star/star_46.jpg 55
miscellaneous/palette/palette_9.jpg 79
sport/football/football_22.jpg 22
furniture/mattresse/mattresse_137.jpg 84
objects/piggy_bank/piggy_bank_108.jpg 49
sport/football/football_14.jpg 22
food/soup/soup_63.jpg 28
symbols/at_sign/at_sign_44.jpg 114
words_phrases/thank_you/thank_you_131.jpg 38
heroes/lion_king/lion_king_17.jpg 107
heroes/teddy_bear/teddy_bear_6.jpg 109
animals/hummingbird/hummingbird_9.jpg 123
objects/heart/heart_151.jpg 44
objects/bell/bell_127.jpg 57
miscellaneous/smiley/smiley_41.jpg 80
fruits/apple/apple_11.jpg 20
jewelry/treasure_chest/treasure_chest_57.jpg 116
numbers/2019/2019_89.jpg 13
cars/jeep/jeep_73.jpg 99
heroes/captain_america/captain_america_27.jpg 103
alphabet/letter_h/letter_h_79.jpg 60
cars/dodge/dodge_8.jpg 92
objects/bell/bell_137.jpg 57
food/bagel/bagel_36.jpg 34
objects/phone/phone_121.jpg 54
sport/roller_skates/roller_skates_78.jpg 23
fruits/apple/apple_110.jpg 20
sport/roller_skates/roller_skates_66.jpg 23
sport/roller_skates/roller_skates_30.jpg 23
animals/fish/fish_33.jpg 121
furniture/carpet/carpet_58.jpg 83
food/pancake/pancake_53.jpg 35
heroes/batman/batman_1.jpg 106
cars/mitsubishi/mitsubishi_83.jpg 93
architecture/fence/fence_91.jpg 110
food/soup/soup_76.jpg 28
sport/cycling/cycling_65.jpg 24
holidays/christmas/christmas_14.jpg 18
heroes/mickey_mouse/mickey_mouse_86.jpg 104
furniture/carpet/carpet_110.jpg 83
food/donut/donut_70.jpg 36
weapons/jet_fighter/jet_fighter_126.jpg 70
fantasy/fairy/fairy_43.jpg 8
objects/coin/coin_40.jpg 48
architecture/building/building_100.jpg 111
fantasy/fairy/fairy_84.jpg 8
miscellaneous/box/box_144.jpg 81
food/bagel/bagel_10.jpg 34
cars/traffic_light/traffic_light_60.jpg 96
objects/matryoshka_doll/matryoshka_doll_42.jpg 51
clothing/cowboy_hat/cowboy_hat_20.jpg 67
cars/jeep/jeep_54.jpg 99
technic/typewriter/typewriter_1.jpg 39
fantasy/mosque/mosque_9.jpg 11
jewelry/treasure_chest/treasure_chest_115.jpg 116
food/cocktail/cocktail_103.jpg 33
flowers/vase/vase_80.jpg 0
objects/bell/bell_116.jpg 57
clothing/dress/dress_1.jpg 66
heroes/ironman/ironman_12.jpg 105
miscellaneous/box/box_151.jpg 81
miscellaneous/smiley/smiley_175.jpg 80
alphabet/letter_g/letter_g_87.jpg 62
cars/lada/lada_9.jpg 90
objects/first_aid_kit/first_aid_kit_24.jpg 46
miscellaneous/filmstrip/filmstrip_90.jpg 74
animals/goldfish/goldfish_67.jpg 124
food/ice_cream/ice_cream_7.jpg 32
electronics/flashlight/flashlight_2.jpg 85
vegetables/tomato/tomato_44.jpg 43
objects/phone/phone_43.jpg 54
objects/phone/phone_15.jpg 54
objects/book/book_125.jpg 45
people/skeleton/skeleton_69.jpg 3
flowers/rose/rose_157.jpg 1
miscellaneous/filmstrip/filmstrip_14.jpg 74
vegetables/tomato/tomato_61.jpg 43
architecture/building/building_49.jpg 111
objects/heart/heart_259.jpg 44
architecture/fence/fence_80.jpg 110
objects/tv/tv_31.jpg 56
words_phrases/thank_you/thank_you_29.jpg 38
miscellaneous/smiley/smiley_90.jpg 80
words_phrases/thank_you/thank_you_28.jpg 38
symbols/like/like_19.jpg 112
holidays/valentines_day/valentines_day_62.jpg 19
objects/heart/heart_115.jpg 44
food/cocktail/cocktail_152.jpg 33
cars/nissan/nissan_54.jpg 89
weapons/%D1%81annon/%D1%81annon_45.jpg 71
heroes/teddy_bear/teddy_bear_29.jpg 109
holidays/santa_hat/santa_hat_15.jpg 14
fruits/apple/apple_92.jpg 20
clothing/blanket/blanket_86.jpg 68
cars/mitsubishi/mitsubishi_149.jpg 93
alphabet/letter_c/letter_c_25.jpg 64
objects/alarm_clock/alarm_clock_20.jpg 58
words_phrases/thank_you/thank_you_118.jpg 38
flowers/rose/rose_72.jpg 1
sport/roller_skates/roller_skates_67.jpg 23
heroes/lion_king/lion_king_13.jpg 107
technic/ruler/ruler_97.jpg 42
alphabet/letter_h/letter_h_98.jpg 60
food/cookie/cookie_80.jpg 29
cars/mitsubishi/mitsubishi_30.jpg 93
alphabet/letter_h/letter_h_21.jpg 60
alphabet/letter_g/letter_g_3.jpg 62
flowers/rose/rose_38.jpg 1
food/biscuit/biscuit_76.jpg 37
objects/book/book_101.jpg 45
fantasy/fairy/fairy_4.jpg 8
objects/dice/dice_78.jpg 52
cars/dodge/dodge_103.jpg 92
miscellaneous/smiley/smiley_115.jpg 80
words_phrases/thank_you/thank_you_51.jpg 38
heroes/mickey_mouse/mickey_mouse_51.jpg 104
nature/water/water_39.jpg 120
holidays/christmas/christmas_6.jpg 18
furniture/carpet/carpet_9.jpg 83
flowers/vase/vase_137.jpg 0
flowers/vase/vase_135.jpg 0
animals/hummingbird/hummingbird_2.jpg 123
food/ice_cream/ice_cream_25.jpg 32
sport/cycling/cycling_84.jpg 24
cars/maserati/maserati_46.jpg 91
words_phrases/thank_you/thank_you_3.jpg 38
clothing/dress/dress_12.jpg 66
heroes/captain_america/captain_america_6.jpg 103
animals/fish/fish_30.jpg 121
heroes/mickey_mouse/mickey_mouse_57.jpg 104
objects/heart/heart_109.jpg 44
fruits/apple/apple_32.jpg 20
objects/bell/bell_78.jpg 57
food/biscuit/biscuit_42.jpg 37
nature/wheat/wheat_42.jpg 119
food/cookie/cookie_35.jpg 29
architecture/building/building_78.jpg 111
alphabet/question_mark/question_mark_76.jpg 61
alphabet/letter_h/letter_h_2.jpg 60
food/ice_cream/ice_cream_15.jpg 32
cars/mazda/mazda_15.jpg 98
symbols/like/like_87.jpg 112
food/pizza/pizza_34.jpg 26
miscellaneous/flags/flags_43.jpg 77
electronics/flashlight/flashlight_102.jpg 85
flowers/rose/rose_124.jpg 1
heroes/captain_america/captain_america_4.jpg 103
food/cocktail/cocktail_83.jpg 33
alphabet/letter_c/letter_c_20.jpg 64
electronics/flashlight/flashlight_167.jpg 85
objects/matryoshka_doll/matryoshka_doll_63.jpg 51
flowers/rose/rose_341.jpg 1
miscellaneous/pin/pin_59.jpg 75
objects/dice/dice_143.jpg 52
transport/jet_ski/jet_ski_26.jpg 82
alphabet/plus/plus_106.jpg 59
food/biscuit/biscuit_79.jpg 37
electronics/telescope/telescope_11.jpg 86
electronics/telescope/telescope_37.jpg 86
furniture/mattresse/mattresse_91.jpg 84
cars/jeep/jeep_4.jpg 99
flowers/rose/rose_334.jpg 1
electronics/robot/robot_78.jpg 88
jewelry/treasure_chest/treasure_chest_82.jpg 116
food/ice_cream/ice_cream_90.jpg 32
cars/dodge/dodge_40.jpg 92
animals/cat/cat_103.jpg 125
flowers/rose/rose_68.jpg 1
animals/goldfish/goldfish_41.jpg 124
electronics/telescope/telescope_103.jpg 86
food/soup/soup_99.jpg 28
fantasy/witch/witch_108.jpg 6
food/cocktail/cocktail_67.jpg 33
fruits/apple/apple_37.jpg 20
miscellaneous/box/box_4.jpg 81
animals/cow/cow_24.jpg 122
clothing/towel/towel_47.jpg 65
heroes/deadpool/deadpool_18.jpg 101
symbols/at_sign/at_sign_37.jpg 114
miscellaneous/music_notes/music_notes_56.jpg 76
cars/kia/kia_96.jpg 94
cars/kia/kia_38.jpg 94
technic/ruler/ruler_61.jpg 42
heroes/lion_king/lion_king_76.jpg 107
objects/sunglasses/sunglasses_118.jpg 53
animals/dog/dog_251.jpg 126
cars/mitsubishi/mitsubishi_77.jpg 93
fantasy/witch/witch_43.jpg 6
miscellaneous/blood/blood_36.jpg 78
nature/wheat/wheat_41.jpg 119
flowers/vase/vase_11.jpg 0
animals/cat/cat_106.jpg 125
jewelry/necklace/necklace_113.jpg 117
animals/cat/cat_174.jpg 125
technic/tap/tap_24.jpg 41
animals/fish/fish_96.jpg 121
numbers/2019/2019_107.jpg 13
miscellaneous/palette/palette_87.jpg 79
animals/cat/cat_112.jpg 125
holidays/santa_claus/santa_claus_85.jpg 16
sport/cycling/cycling_59.jpg 24
jewelry/necklace/necklace_49.jpg 117
heroes/batman/batman_101.jpg 106
objects/first_aid_kit/first_aid_kit_6.jpg 46
miscellaneous/blood/blood_43.jpg 78
holidays/christmas_tree/christmas_tree_115.jpg 15
cars/mitsubishi/mitsubishi_144.jpg 93
heroes/batman/batman_20.jpg 106
objects/matryoshka_doll/matryoshka_doll_24.jpg 51
jewelry/necklace/necklace_73.jpg 117
animals/goldfish/goldfish_2.jpg 124
holidays/carnival_mask/carnival_mask_103.jpg 17
food/bagel/bagel_82.jpg 34
technic/tap/tap_55.jpg 41
miscellaneous/music_notes/music_notes_73.jpg 76
electronics/flashlight/flashlight_60.jpg 85
sport/cycling/cycling_61.jpg 24
objects/glasses/glasses_181.jpg 50
miscellaneous/flags/flags_15.jpg 77
alphabet/letter_g/letter_g_84.jpg 62
miscellaneous/box/box_12.jpg 81
sport/roller_skates/roller_skates_83.jpg 23
animals/dog/dog_204.jpg 126
cars/acura/acura_48.jpg 97
food/pancake/pancake_70.jpg 35
cars/dodge/dodge_108.jpg 92
objects/sunglasses/sunglasses_123.jpg 53
miscellaneous/box/box_3.jpg 81
weapons/bullets/bullets_51.jpg 69
objects/phone/phone_154.jpg 54
transport/jet_ski/jet_ski_89.jpg 82
jewelry/gold_medal/gold_medal_50.jpg 115
fantasy/buddha/buddha_94.jpg 10
objects/gavel/gavel_42.jpg 47
objects/phone/phone_67.jpg 54
architecture/building/building_62.jpg 111
miscellaneous/smiley/smiley_108.jpg 80
animals/hummingbird/hummingbird_48.jpg 123
food/bagel/bagel_48.jpg 34
fantasy/fairy/fairy_80.jpg 8
objects/dice/dice_42.jpg 52
miscellaneous/smiley/smiley_9.jpg 80
food/cookie/cookie_67.jpg 29
food/croissant/croissant_129.jpg 31
people/fingerprint/fingerprint_54.jpg 5
objects/phone/phone_162.jpg 54
alphabet/question_mark/question_mark_30.jpg 61
furniture/carpet/carpet_140.jpg 83
jewelry/ring/ring_103.jpg 118
technic/tap/tap_101.jpg 41
fantasy/mermaid/mermaid_63.jpg 12
electronics/phone_hand/phone_hand_62.jpg 87
food/croissant/croissant_28.jpg 31
objects/coin/coin_35.jpg 48
fantasy/witch/witch_110.jpg 6
food/pancake/pancake_120.jpg 35
objects/phone/phone_86.jpg 54
architecture/fence/fence_77.jpg 110
heroes/ironman/ironman_64.jpg 105
technic/typewriter/typewriter_94.jpg 39
objects/coin/coin_27.jpg 48
miscellaneous/lego/lego_9.jpg 72
technic/typewriter/typewriter_13.jpg 39
heroes/spider_man/spider_man_10.jpg 108
animals/fish/fish_28.jpg 121
holidays/christmas_tree/christmas_tree_42.jpg 15
food/bread/bread_100.jpg 27
miscellaneous/music_notes/music_notes_17.jpg 76
weapons/%D1%81annon/%D1%81annon_11.jpg 71
electronics/phone_hand/phone_hand_106.jpg 87
heroes/lion_king/lion_king_79.jpg 107
food/pasta/pasta_88.jpg 30
objects/heart/heart_131.jpg 44
sport/poker/poker_29.jpg 21
food/bread/bread_33.jpg 27
symbols/like/like_56.jpg 112
objects/coin/coin_7.jpg 48
cars/acura/acura_72.jpg 97
objects/bell/bell_67.jpg 57
miscellaneous/cursor/cursor_34.jpg 73
technic/tap/tap_74.jpg 41
miscellaneous/filmstrip/filmstrip_113.jpg 74
weapons/bullets/bullets_104.jpg 69
heroes/hulk/hulk_97.jpg 100
miscellaneous/smiley/smiley_40.jpg 80
food/biscuit/biscuit_55.jpg 37
food/bagel/bagel_83.jpg 34
weapons/jet_fighter/jet_fighter_1.jpg 70
electronics/telescope/telescope_66.jpg 86
cars/mazda/mazda_52.jpg 98
objects/coin/coin_28.jpg 48
technic/typewriter/typewriter_92.jpg 39
people/skeleton/skeleton_37.jpg 3
nature/water/water_104.jpg 120
food/bagel/bagel_8.jpg 34
cars/jeep/jeep_107.jpg 99
food/pancake/pancake_43.jpg 35
electronics/telescope/telescope_1.jpg 86
holidays/christmas_tree/christmas_tree_97.jpg 15
weapons/bullets/bullets_120.jpg 69
jewelry/gold_medal/gold_medal_119.jpg 115
holidays/valentines_day/valentines_day_45.jpg 19
alphabet/letter_h/letter_h_45.jpg 60
electronics/robot/robot_65.jpg 88
objects/glasses/glasses_157.jpg 50
alphabet/question_mark/question_mark_26.jpg 61
jewelry/gold_medal/gold_medal_9.jpg 115
cars/mitsubishi/mitsubishi_67.jpg 93
food/pasta/pasta_82.jpg 30
animals/dog/dog_126.jpg 126
miscellaneous/blood/blood_75.jpg 78
cars/jeep/jeep_8.jpg 99
numbers/2019/2019_31.jpg 13
holidays/santa_claus/santa_claus_35.jpg 16
jewelry/gold_medal/gold_medal_113.jpg 115
objects/sunglasses/sunglasses_153.jpg 53
heroes/lion_king/lion_king_33.jpg 107
flowers/rose/rose_114.jpg 1
people/skeleton/skeleton_6.jpg 3
fantasy/alien/alien_25.jpg 7
symbols/like/like_33.jpg 112
objects/phone/phone_129.jpg 54
objects/sunglasses/sunglasses_147.jpg 53
heroes/batman/batman_73.jpg 106
objects/coin/coin_96.jpg 48
objects/dice/dice_44.jpg 52
objects/alarm_clock/alarm_clock_16.jpg 58
fantasy/gravestone/gravestone_39.jpg 9
animals/cow/cow_81.jpg 122
people/baby/baby_66.jpg 4
heroes/deadpool/deadpool_87.jpg 101
alphabet/plus/plus_103.jpg 59
jewelry/gold_medal/gold_medal_90.jpg 115
animals/birds/birds_6.jpg 127
clothing/dress/dress_79.jpg 66
fantasy/mosque/mosque_91.jpg 11
objects/glasses/glasses_114.jpg 50
miscellaneous/filmstrip/filmstrip_97.jpg 74
cars/nissan/nissan_11.jpg 89
cars/acura/acura_69.jpg 97
objects/heart/heart_68.jpg 44
heroes/spider_man/spider_man_25.jpg 108
objects/phone/phone_107.jpg 54
words_phrases/thank_you/thank_you_31.jpg 38
alphabet/letter_c/letter_c_63.jpg 64
cars/mitsubishi/mitsubishi_52.jpg 93
symbols/at_sign/at_sign_12.jpg 114
fantasy/mosque/mosque_63.jpg 11
flowers/rose/rose_274.jpg 1
heroes/batman/batman_12.jpg 106
clothing/blanket/blanket_32.jpg 68
heroes/spider_man/spider_man_9.jpg 108
furniture/mattresse/mattresse_131.jpg 84
food/pancake/pancake_34.jpg 35
objects/glasses/glasses_166.jpg 50
food/cocktail/cocktail_93.jpg 33
cars/mitsubishi/mitsubishi_74.jpg 93
animals/birds/birds_4.jpg 127
food/croissant/croissant_42.jpg 31
alphabet/letter_c/letter_c_70.jpg 64
alphabet/question_mark/question_mark_139.jpg 61
heroes/spider_man/spider_man_95.jpg 108
food/donut/donut_89.jpg 36
clothing/blanket/blanket_87.jpg 68
objects/tv/tv_6.jpg 56
symbols/at_sign/at_sign_23.jpg 114
alphabet/letter_g/letter_g_97.jpg 62
cars/lada/lada_99.jpg 90
objects/alarm_clock/alarm_clock_18.jpg 58
animals/hummingbird/hummingbird_88.jpg 123
sport/football/football_65.jpg 22
food/croissant/croissant_2.jpg 31
alphabet/letter_h/letter_h_67.jpg 60
heroes/spider_man/spider_man_37.jpg 108
electronics/flashlight/flashlight_67.jpg 85
objects/heart/heart_84.jpg 44
flowers/rose/rose_127.jpg 1
miscellaneous/palette/palette_10.jpg 79
alphabet/letter_c/letter_c_45.jpg 64
miscellaneous/music_notes/music_notes_15.jpg 76
food/biscuit/biscuit_20.jpg 37
holidays/christmas_tree/christmas_tree_5.jpg 15
animals/cat/cat_105.jpg 125
alphabet/question_mark/question_mark_35.jpg 61
symbols/at_sign/at_sign_54.jpg 114
cars/lada/lada_75.jpg 90
clothing/dress/dress_118.jpg 66
objects/bell/bell_57.jpg 57
objects/piggy_bank/piggy_bank_62.jpg 49
animals/dog/dog_153.jpg 126
food/pizza/pizza_161.jpg 26
heroes/deadpool/deadpool_82.jpg 101
animals/cat/cat_62.jpg 125
cars/citroen/citroen_77.jpg 95
objects/tv/tv_13.jpg 56
animals/goldfish/goldfish_21.jpg 124
miscellaneous/blood/blood_49.jpg 78
furniture/carpet/carpet_103.jpg 83
animals/hummingbird/hummingbird_60.jpg 123
clothing/towel/towel_97.jpg 65
miscellaneous/pin/pin_34.jpg 75
technic/tap/tap_68.jpg 41
fantasy/gravestone/gravestone_32.jpg 9
sport/cycling/cycling_106.jpg 24
jewelry/treasure_chest/treasure_chest_126.jpg 116
animals/cow/cow_41.jpg 122
flowers/rose/rose_302.jpg 1
electronics/phone_hand/phone_hand_87.jpg 87
food/soup/soup_71.jpg 28
heroes/teddy_bear/teddy_bear_98.jpg 109
miscellaneous/smiley/smiley_52.jpg 80
animals/goldfish/goldfish_43.jpg 124
vegetables/tomato/tomato_43.jpg 43
heroes/hulk/hulk_76.jpg 100
food/croissant/croissant_90.jpg 31
transport/jet_ski/jet_ski_78.jpg 82
holidays/valentines_day/valentines_day_79.jpg 19
objects/bell/bell_61.jpg 57
fantasy/gravestone/gravestone_94.jpg 9
flowers/rose/rose_37.jpg 1
fantasy/mosque/mosque_51.jpg 11
fantasy/buddha/buddha_85.jpg 10
cars/citroen/citroen_26.jpg 95
architecture/building/building_6.jpg 111
cars/citroen/citroen_4.jpg 95
food/soup/soup_66.jpg 28
electronics/flashlight/flashlight_79.jpg 85
logos/wifi/wifi_110.jpg 2
flowers/rose/rose_92.jpg 1
technic/megaphone/megaphone_57.jpg 40
food/pizza/pizza_65.jpg 26
animals/dog/dog_188.jpg 126
objects/book/book_113.jpg 45
jewelry/gold_medal/gold_medal_3.jpg 115
clothing/dress/dress_7.jpg 66
technic/tap/tap_26.jpg 41
furniture/carpet/carpet_128.jpg 83
miscellaneous/box/box_47.jpg 81
holidays/valentines_day/valentines_day_120.jpg 19
jewelry/necklace/necklace_76.jpg 117
food/pizza/pizza_66.jpg 26
symbols/like/like_27.jpg 112
jewelry/treasure_chest/treasure_chest_97.jpg 116
animals/fish/fish_88.jpg 121
architecture/building/building_4.jpg 111
electronics/telescope/telescope_65.jpg 86
objects/bell/bell_77.jpg 57
nature/water/water_165.jpg 120
technic/tap/tap_121.jpg 41
architecture/building/building_67.jpg 111
electronics/phone_hand/phone_hand_67.jpg 87
fantasy/mermaid/mermaid_90.jpg 12
numbers/2019/2019_60.jpg 13
animals/dog/dog_218.jpg 126
miscellaneous/box/box_13.jpg 81
holidays/valentines_day/valentines_day_123.jpg 19
architecture/fence/fence_10.jpg 110
food/pasta/pasta_83.jpg 30
miscellaneous/cursor/cursor_36.jpg 73
fantasy/mermaid/mermaid_48.jpg 12
electronics/flashlight/flashlight_90.jpg 85
sport/cycling/cycling_53.jpg 24
cars/acura/acura_88.jpg 97
cars/dodge/dodge_69.jpg 92
jewelry/gold_medal/gold_medal_2.jpg 115
food/pancake/pancake_89.jpg 35
furniture/carpet/carpet_48.jpg 83
objects/matryoshka_doll/matryoshka_doll_81.jpg 51
furniture/mattresse/mattresse_110.jpg 84
sport/football/football_77.jpg 22
objects/gavel/gavel_12.jpg 47
cars/kia/kia_4.jpg 94
objects/piggy_bank/piggy_bank_74.jpg 49
miscellaneous/filmstrip/filmstrip_151.jpg 74
food/bagel/bagel_1.jpg 34
weapons/%D1%81annon/%D1%81annon_35.jpg 71
architecture/fence/fence_59.jpg 110
flowers/rose/rose_194.jpg 1
animals/cat/cat_30.jpg 125
cars/nissan/nissan_15.jpg 89
fantasy/buddha/buddha_25.jpg 10
cars/acura/acura_45.jpg 97
cars/kia/kia_18.jpg 94
heroes/hulk/hulk_9.jpg 100
nature/wheat/wheat_89.jpg 119
sport/football/football_92.jpg 22
objects/dice/dice_138.jpg 52
objects/heart/heart_90.jpg 44
flowers/rose/rose_325.jpg 1
technic/ruler/ruler_26.jpg 42
animals/fish/fish_4.jpg 121
objects/piggy_bank/piggy_bank_86.jpg 49
fantasy/mermaid/mermaid_52.jpg 12
objects/book/book_22.jpg 45
people/baby/baby_122.jpg 4
electronics/flashlight/flashlight_64.jpg 85
objects/coin/coin_91.jpg 48
logos/wifi/wifi_63.jpg 2
food/donut/donut_87.jpg 36
technic/typewriter/typewriter_65.jpg 39
fantasy/gravestone/gravestone_24.jpg 9
clothing/towel/towel_71.jpg 65
nature/wheat/wheat_3.jpg 119
cars/mitsubishi/mitsubishi_145.jpg 93
objects/alarm_clock/alarm_clock_9.jpg 58
cars/jeep/jeep_42.jpg 99
objects/first_aid_kit/first_aid_kit_76.jpg 46
objects/piggy_bank/piggy_bank_66.jpg 49
architecture/fence/fence_87.jpg 110
fantasy/buddha/buddha_57.jpg 10
jewelry/necklace/necklace_89.jpg 117
cars/maserati/maserati_78.jpg 91
objects/sunglasses/sunglasses_34.jpg 53
miscellaneous/pin/pin_78.jpg 75
heroes/ironman/ironman_90.jpg 105
animals/cat/cat_57.jpg 125
food/pizza/pizza_37.jpg 26
people/skeleton/skeleton_46.jpg 3
objects/alarm_clock/alarm_clock_94.jpg 58
animals/hummingbird/hummingbird_31.jpg 123
food/pizza/pizza_171.jpg 26
flowers/vase/vase_118.jpg 0
animals/dog/dog_120.jpg 126
food/cocktail/cocktail_55.jpg 33
alphabet/plus/plus_118.jpg 59
heroes/spider_man/spider_man_22.jpg 108
weapons/bullets/bullets_92.jpg 69
objects/phone/phone_80.jpg 54
fruits/apple/apple_50.jpg 20
furniture/mattresse/mattresse_37.jpg 84
fantasy/witch/witch_47.jpg 6
objects/star/star_57.jpg 55
miscellaneous/filmstrip/filmstrip_44.jpg 74
flowers/rose/rose_139.jpg 1
objects/glasses/glasses_144.jpg 50
logos/wifi/wifi_149.jpg 2
food/bread/bread_73.jpg 27
electronics/flashlight/flashlight_160.jpg 85
objects/glasses/glasses_93.jpg 50
heroes/lion_king/lion_king_57.jpg 107
transport/jet_ski/jet_ski_68.jpg 82
heroes/spider_man/spider_man_52.jpg 108
electronics/telescope/telescope_102.jpg 86
jewelry/gold_medal/gold_medal_47.jpg 115
objects/book/book_59.jpg 45
technic/megaphone/megaphone_102.jpg 40
food/ice_cream/ice_cream_57.jpg 32
nature/water/water_65.jpg 120
fantasy/mermaid/mermaid_55.jpg 12
cars/maserati/maserati_67.jpg 91
fantasy/mermaid/mermaid_57.jpg 12
fantasy/witch/witch_32.jpg 6
food/bagel/bagel_90.jpg 34
animals/hummingbird/hummingbird_5.jpg 123
cars/mitsubishi/mitsubishi_183.jpg 93
alphabet/letter_g/letter_g_72.jpg 62
fantasy/buddha/buddha_54.jpg 10
technic/ruler/ruler_73.jpg 42
symbols/like/like_45.jpg 112
cars/nissan/nissan_26.jpg 89
objects/heart/heart_67.jpg 44
objects/coin/coin_57.jpg 48
miscellaneous/flags/flags_81.jpg 77
symbols/like/like_7.jpg 112
sport/cycling/cycling_83.jpg 24
nature/water/water_17.jpg 120
heroes/mario/mario_123.jpg 102
objects/tv/tv_33.jpg 56
vegetables/tomato/tomato_69.jpg 43
furniture/carpet/carpet_117.jpg 83
cars/mazda/mazda_110.jpg 98
people/fingerprint/fingerprint_1.jpg 5
sport/cycling/cycling_11.jpg 24
logos/wifi/wifi_118.jpg 2
objects/dice/dice_102.jpg 52
alphabet/letter_g/letter_g_47.jpg 62
electronics/flashlight/flashlight_130.jpg 85
jewelry/necklace/necklace_41.jpg 117
technic/ruler/ruler_79.jpg 42
animals/hummingbird/hummingbird_70.jpg 123
objects/alarm_clock/alarm_clock_10.jpg 58
technic/megaphone/megaphone_37.jpg 40
sport/football/football_53.jpg 22
cars/dodge/dodge_1.jpg 92
cars/lada/lada_140.jpg 90
furniture/carpet/carpet_104.jpg 83
furniture/carpet/carpet_30.jpg 83
technic/ruler/ruler_65.jpg 42
transport/jet_ski/jet_ski_3.jpg 82
food/pizza/pizza_109.jpg 26
clothing/dress/dress_112.jpg 66
sport/football/football_15.jpg 22
flowers/rose/rose_256.jpg 1
holidays/carnival_mask/carnival_mask_35.jpg 17
technic/tap/tap_25.jpg 41
miscellaneous/lego/lego_51.jpg 72
clothing/blanket/blanket_27.jpg 68
objects/tv/tv_59.jpg 56
objects/gavel/gavel_91.jpg 47
objects/dice/dice_61.jpg 52
objects/piggy_bank/piggy_bank_109.jpg 49
electronics/telescope/telescope_57.jpg 86
weapons/%D1%81annon/%D1%81annon_69.jpg 71
fantasy/mermaid/mermaid_95.jpg 12
alphabet/letter_h/letter_h_56.jpg 60
flowers/rose/rose_103.jpg 1
miscellaneous/flags/flags_72.jpg 77
holidays/santa_hat/santa_hat_88.jpg 14
objects/sunglasses/sunglasses_7.jpg 53
flowers/rose/rose_155.jpg 1
objects/first_aid_kit/first_aid_kit_141.jpg 46
objects/book/book_20.jpg 45
miscellaneous/palette/palette_19.jpg 79
cars/lada/lada_86.jpg 90
electronics/phone_hand/phone_hand_24.jpg 87
food/soup/soup_24.jpg 28
architecture/fence/fence_82.jpg 110
food/bread/bread_36.jpg 27
fantasy/mosque/mosque_18.jpg 11
food/biscuit/biscuit_21.jpg 37
miscellaneous/filmstrip/filmstrip_81.jpg 74
holidays/santa_claus/santa_claus_3.jpg 16
miscellaneous/cursor/cursor_32.jpg 73
objects/heart/heart_234.jpg 44
cars/maserati/maserati_99.jpg 91
cars/kia/kia_61.jpg 94
heroes/batman/batman_32.jpg 106
miscellaneous/palette/palette_68.jpg 79
architecture/building/building_71.jpg 111
objects/heart/heart_219.jpg 44
food/ice_cream/ice_cream_78.jpg 32
food/pasta/pasta_17.jpg 30
objects/phone/phone_2.jpg 54
holidays/carnival_mask/carnival_mask_150.jpg 17
animals/birds/birds_99.jpg 127
animals/birds/birds_24.jpg 127
miscellaneous/flags/flags_83.jpg 77
vegetables/tomato/tomato_46.jpg 43
sport/football/football_3.jpg 22
objects/coin/coin_6.jpg 48
objects/heart/heart_209.jpg 44
fantasy/gravestone/gravestone_38.jpg 9
logos/wifi/wifi_56.jpg 2
vegetables/tomato/tomato_72.jpg 43
objects/heart/heart_79.jpg 44
cars/maserati/maserati_32.jpg 91
flowers/rose/rose_329.jpg 1
fruits/apple/apple_78.jpg 20
technic/typewriter/typewriter_96.jpg 39
jewelry/gold_medal/gold_medal_87.jpg 115
holidays/carnival_mask/carnival_mask_151.jpg 17
animals/birds/birds_35.jpg 127
cars/mitsubishi/mitsubishi_96.jpg 93
animals/cat/cat_13.jpg 125
technic/ruler/ruler_101.jpg 42
technic/megaphone/megaphone_111.jpg 40
alphabet/letter_f/letter_f_77.jpg 63
heroes/teddy_bear/teddy_bear_3.jpg 109
cars/jeep/jeep_19.jpg 99
technic/tap/tap_35.jpg 41
miscellaneous/filmstrip/filmstrip_57.jpg 74
objects/phone/phone_12.jpg 54
fantasy/fairy/fairy_65.jpg 8
food/donut/donut_24.jpg 36
miscellaneous/smiley/smiley_174.jpg 80
cars/citroen/citroen_43.jpg 95
flowers/vase/vase_44.jpg 0
holidays/christmas_tree/christmas_tree_96.jpg 15
objects/heart/heart_88.jpg 44
cars/maserati/maserati_14.jpg 91
holidays/carnival_mask/carnival_mask_3.jpg 17
cars/traffic_light/traffic_light_29.jpg 96
clothing/blanket/blanket_49.jpg 68
heroes/ironman/ironman_68.jpg 105
cars/citroen/citroen_2.jpg 95
astrological_signs/capricorn/capricorn_31.jpg 25
objects/coin/coin_11.jpg 48
electronics/flashlight/flashlight_131.jpg 85
animals/cow/cow_62.jpg 122
numbers/2019/2019_7.jpg 13
holidays/santa_hat/santa_hat_60.jpg 14
jewelry/ring/ring_43.jpg 118
animals/birds/birds_65.jpg 127
objects/piggy_bank/piggy_bank_41.jpg 49
heroes/mario/mario_45.jpg 102
alphabet/letter_c/letter_c_64.jpg 64
alphabet/question_mark/question_mark_67.jpg 61
electronics/flashlight/flashlight_45.jpg 85
heroes/mario/mario_63.jpg 102
electronics/telescope/telescope_81.jpg 86
holidays/santa_claus/santa_claus_32.jpg 16
food/bagel/bagel_96.jpg 34
alphabet/letter_c/letter_c_92.jpg 64
cars/nissan/nissan_22.jpg 89
cars/mitsubishi/mitsubishi_114.jpg 93
fruits/apple/apple_61.jpg 20
holidays/christmas_tree/christmas_tree_9.jpg 15
electronics/phone_hand/phone_hand_21.jpg 87
heroes/mickey_mouse/mickey_mouse_53.jpg 104
miscellaneous/smiley/smiley_147.jpg 80
weapons/jet_fighter/jet_fighter_56.jpg 70
architecture/building/building_57.jpg 111
fruits/apple/apple_76.jpg 20
heroes/teddy_bear/teddy_bear_50.jpg 109
jewelry/necklace/necklace_20.jpg 117
holidays/carnival_mask/carnival_mask_120.jpg 17
flowers/vase/vase_2.jpg 0
fantasy/alien/alien_92.jpg 7
miscellaneous/smiley/smiley_118.jpg 80
fantasy/mermaid/mermaid_70.jpg 12
food/pizza/pizza_47.jpg 26
furniture/mattresse/mattresse_19.jpg 84
people/skeleton/skeleton_18.jpg 3
holidays/valentines_day/valentines_day_98.jpg 19
clothing/towel/towel_43.jpg 65
flowers/rose/rose_188.jpg 1
miscellaneous/lego/lego_82.jpg 72
objects/star/star_110.jpg 55
heroes/teddy_bear/teddy_bear_96.jpg 109
heroes/mario/mario_70.jpg 102
electronics/flashlight/flashlight_119.jpg 85
vegetables/tomato/tomato_18.jpg 43
heroes/mario/mario_66.jpg 102
flowers/rose/rose_28.jpg 1
heroes/mario/mario_40.jpg 102
cars/dodge/dodge_112.jpg 92
food/croissant/croissant_110.jpg 31
objects/tv/tv_73.jpg 56
technic/typewriter/typewriter_50.jpg 39
jewelry/ring/ring_21.jpg 118
miscellaneous/pin/pin_12.jpg 75
objects/dice/dice_135.jpg 52
objects/matryoshka_doll/matryoshka_doll_6.jpg 51
objects/book/book_141.jpg 45
animals/goldfish/goldfish_61.jpg 124
alphabet/question_mark/question_mark_52.jpg 61
fantasy/gravestone/gravestone_13.jpg 9
jewelry/treasure_chest/treasure_chest_27.jpg 116
cars/jeep/jeep_70.jpg 99
miscellaneous/smiley/smiley_63.jpg 80
alphabet/plus/plus_94.jpg 59
weapons/jet_fighter/jet_fighter_20.jpg 70
fruits/apple/apple_62.jpg 20
heroes/mario/mario_116.jpg 102
miscellaneous/cursor/cursor_31.jpg 73
objects/dice/dice_98.jpg 52
electronics/telescope/telescope_42.jpg 86
technic/typewriter/typewriter_77.jpg 39
objects/phone/phone_35.jpg 54
sport/poker/poker_40.jpg 21
animals/cat/cat_39.jpg 125
miscellaneous/flags/flags_34.jpg 77
food/pizza/pizza_6.jpg 26
weapons/jet_fighter/jet_fighter_31.jpg 70
holidays/carnival_mask/carnival_mask_58.jpg 17
technic/tap/tap_122.jpg 41
furniture/carpet/carpet_28.jpg 83
objects/phone/phone_82.jpg 54
jewelry/ring/ring_95.jpg 118
miscellaneous/music_notes/music_notes_54.jpg 76
objects/tv/tv_66.jpg 56
objects/book/book_67.jpg 45
food/pancake/pancake_12.jpg 35
objects/dice/dice_99.jpg 52
miscellaneous/cursor/cursor_60.jpg 73
cars/dodge/dodge_16.jpg 92
cars/jeep/jeep_40.jpg 99
fantasy/gravestone/gravestone_71.jpg 9
objects/star/star_61.jpg 55
jewelry/treasure_chest/treasure_chest_150.jpg 116
holidays/santa_claus/santa_claus_50.jpg 16
alphabet/question_mark/question_mark_126.jpg 61
cars/traffic_light/traffic_light_89.jpg 96
animals/cat/cat_95.jpg 125
food/cocktail/cocktail_141.jpg 33
food/pasta/pasta_95.jpg 30
miscellaneous/flags/flags_111.jpg 77
clothing/dress/dress_125.jpg 66
nature/water/water_19.jpg 120
food/cookie/cookie_3.jpg 29
fantasy/buddha/buddha_81.jpg 10
flowers/rose/rose_326.jpg 1
objects/phone/phone_39.jpg 54
alphabet/question_mark/question_mark_129.jpg 61
miscellaneous/filmstrip/filmstrip_61.jpg 74
objects/alarm_clock/alarm_clock_58.jpg 58
clothing/towel/towel_45.jpg 65
sport/cycling/cycling_28.jpg 24
jewelry/ring/ring_91.jpg 118
heroes/batman/batman_23.jpg 106
miscellaneous/cursor/cursor_59.jpg 73
numbers/2019/2019_12.jpg 13
jewelry/necklace/necklace_95.jpg 117
food/ice_cream/ice_cream_54.jpg 32
animals/cat/cat_166.jpg 125
objects/heart/heart_42.jpg 44
objects/star/star_65.jpg 55
fantasy/fairy/fairy_16.jpg 8
food/pizza/pizza_7.jpg 26
objects/phone/phone_184.jpg 54
objects/star/star_93.jpg 55
objects/book/book_5.jpg 45
food/biscuit/biscuit_123.jpg 37
objects/phone/phone_123.jpg 54
heroes/spider_man/spider_man_13.jpg 108
nature/water/water_80.jpg 120
cars/traffic_light/traffic_light_91.jpg 96
people/baby/baby_3.jpg 4
objects/bell/bell_142.jpg 57
miscellaneous/blood/blood_51.jpg 78
flowers/vase/vase_101.jpg 0
miscellaneous/smiley/smiley_50.jpg 80
words_phrases/thank_you/thank_you_97.jpg 38
miscellaneous/pin/pin_22.jpg 75
fantasy/alien/alien_49.jpg 7
words_phrases/thank_you/thank_you_125.jpg 38
miscellaneous/pin/pin_31.jpg 75
astrological_signs/capricorn/capricorn_44.jpg 25
words_phrases/thank_you/thank_you_46.jpg 38
numbers/2019/2019_121.jpg 13
objects/first_aid_kit/first_aid_kit_133.jpg 46
weapons/bullets/bullets_145.jpg 69
holidays/christmas/christmas_87.jpg 18
objects/heart/heart_246.jpg 44
technic/megaphone/megaphone_84.jpg 40
miscellaneous/flags/flags_10.jpg 77
heroes/deadpool/deadpool_73.jpg 101
objects/bell/bell_32.jpg 57
cars/maserati/maserati_71.jpg 91
cars/traffic_light/traffic_light_40.jpg 96
nature/wheat/wheat_58.jpg 119
objects/dice/dice_66.jpg 52
holidays/valentines_day/valentines_day_94.jpg 19
vegetables/tomato/tomato_65.jpg 43
astrological_signs/capricorn/capricorn_39.jpg 25
miscellaneous/smiley/smiley_127.jpg 80
electronics/telescope/telescope_55.jpg 86
objects/heart/heart_248.jpg 44
cars/maserati/maserati_17.jpg 91
technic/megaphone/megaphone_87.jpg 40
objects/star/star_106.jpg 55
heroes/captain_america/captain_america_30.jpg 103
miscellaneous/pin/pin_5.jpg 75
cars/maserati/maserati_19.jpg 91
sport/football/football_34.jpg 22
jewelry/ring/ring_30.jpg 118
fantasy/witch/witch_70.jpg 6
animals/goldfish/goldfish_102.jpg 124
food/pizza/pizza_151.jpg 26
people/baby/baby_32.jpg 4
food/pasta/pasta_22.jpg 30
cars/traffic_light/traffic_light_36.jpg 96
food/pizza/pizza_24.jpg 26
electronics/robot/robot_87.jpg 88
furniture/mattresse/mattresse_59.jpg 84
fantasy/gravestone/gravestone_15.jpg 9
miscellaneous/flags/flags_122.jpg 77
food/pancake/pancake_100.jpg 35
architecture/fence/fence_109.jpg 110
objects/phone/phone_30.jpg 54
miscellaneous/flags/flags_21.jpg 77
clothing/towel/towel_44.jpg 65
cars/acura/acura_36.jpg 97
miscellaneous/filmstrip/filmstrip_126.jpg 74
symbols/love/love_78.jpg 113
objects/book/book_56.jpg 45
animals/birds/birds_8.jpg 127
miscellaneous/pin/pin_83.jpg 75
objects/book/book_83.jpg 45
heroes/ironman/ironman_66.jpg 105
logos/wifi/wifi_20.jpg 2
objects/sunglasses/sunglasses_133.jpg 53
miscellaneous/box/box_15.jpg 81
clothing/blanket/blanket_34.jpg 68
holidays/santa_claus/santa_claus_45.jpg 16
heroes/ironman/ironman_85.jpg 105
food/pizza/pizza_181.jpg 26
clothing/blanket/blanket_30.jpg 68
food/pancake/pancake_21.jpg 35
fantasy/witch/witch_75.jpg 6
objects/coin/coin_92.jpg 48
alphabet/letter_c/letter_c_68.jpg 64
miscellaneous/smiley/smiley_152.jpg 80
objects/sunglasses/sunglasses_80.jpg 53
cars/jeep/jeep_93.jpg 99
cars/dodge/dodge_31.jpg 92
fantasy/mermaid/mermaid_94.jpg 12
food/bagel/bagel_29.jpg 34
miscellaneous/cursor/cursor_10.jpg 73
symbols/like/like_20.jpg 112
weapons/%D1%81annon/%D1%81annon_68.jpg 71
fantasy/mosque/mosque_72.jpg 11
flowers/vase/vase_75.jpg 0
cars/nissan/nissan_81.jpg 89
holidays/valentines_day/valentines_day_84.jpg 19
animals/cat/cat_158.jpg 125
miscellaneous/filmstrip/filmstrip_39.jpg 74
food/bread/bread_72.jpg 27
miscellaneous/smiley/smiley_45.jpg 80
fantasy/witch/witch_39.jpg 6
objects/heart/heart_245.jpg 44
numbers/2019/2019_37.jpg 13
objects/coin/coin_19.jpg 48
miscellaneous/box/box_34.jpg 81
heroes/teddy_bear/teddy_bear_85.jpg 109
heroes/spider_man/spider_man_59.jpg 108
flowers/rose/rose_323.jpg 1
furniture/mattresse/mattresse_71.jpg 84
animals/cow/cow_49.jpg 122
food/pancake/pancake_35.jpg 35
objects/glasses/glasses_105.jpg 50
food/donut/donut_10.jpg 36
jewelry/ring/ring_139.jpg 118
sport/poker/poker_56.jpg 21
animals/hummingbird/hummingbird_56.jpg 123
animals/dog/dog_34.jpg 126
alphabet/letter_f/letter_f_75.jpg 63
food/pizza/pizza_157.jpg 26
animals/dog/dog_179.jpg 126
heroes/ironman/ironman_18.jpg 105
technic/megaphone/megaphone_99.jpg 40
fantasy/buddha/buddha_61.jpg 10
electronics/flashlight/flashlight_40.jpg 85
weapons/%D1%81annon/%D1%81annon_94.jpg 71
objects/alarm_clock/alarm_clock_11.jpg 58
heroes/mario/mario_62.jpg 102
objects/phone/phone_126.jpg 54
flowers/rose/rose_318.jpg 1
nature/water/water_27.jpg 120
people/baby/baby_52.jpg 4
objects/heart/heart_253.jpg 44
alphabet/letter_g/letter_g_45.jpg 62
heroes/spider_man/spider_man_29.jpg 108
flowers/rose/rose_305.jpg 1
jewelry/gold_medal/gold_medal_61.jpg 115
flowers/vase/vase_139.jpg 0
sport/football/football_72.jpg 22
flowers/vase/vase_157.jpg 0
alphabet/letter_h/letter_h_60.jpg 60
weapons/jet_fighter/jet_fighter_27.jpg 70
animals/dog/dog_181.jpg 126
flowers/rose/rose_221.jpg 1
animals/cat/cat_130.jpg 125
fantasy/mosque/mosque_99.jpg 11
food/croissant/croissant_17.jpg 31
objects/coin/coin_70.jpg 48
objects/dice/dice_36.jpg 52
technic/megaphone/megaphone_19.jpg 40
electronics/robot/robot_12.jpg 88
sport/roller_skates/roller_skates_73.jpg 23
objects/piggy_bank/piggy_bank_4.jpg 49
food/cookie/cookie_40.jpg 29
flowers/rose/rose_63.jpg 1
cars/kia/kia_27.jpg 94
objects/piggy_bank/piggy_bank_61.jpg 49
jewelry/gold_medal/gold_medal_14.jpg 115
animals/cat/cat_79.jpg 125
objects/tv/tv_1.jpg 56
objects/book/book_38.jpg 45
clothing/dress/dress_184.jpg 66
electronics/robot/robot_30.jpg 88
vegetables/tomato/tomato_36.jpg 43
flowers/rose/rose_254.jpg 1
fantasy/alien/alien_51.jpg 7
people/baby/baby_77.jpg 4
symbols/like/like_50.jpg 112
alphabet/letter_c/letter_c_101.jpg 64
objects/tv/tv_32.jpg 56
furniture/mattresse/mattresse_42.jpg 84
furniture/mattresse/mattresse_7.jpg 84
fantasy/gravestone/gravestone_92.jpg 9
jewelry/necklace/necklace_34.jpg 117
flowers/vase/vase_152.jpg 0
fantasy/gravestone/gravestone_16.jpg 9
miscellaneous/box/box_61.jpg 81
cars/jeep/jeep_74.jpg 99
objects/heart/heart_22.jpg 44
objects/phone/phone_103.jpg 54
objects/sunglasses/sunglasses_28.jpg 53
miscellaneous/box/box_119.jpg 81
food/pizza/pizza_155.jpg 26
astrological_signs/capricorn/capricorn_81.jpg 25
furniture/mattresse/mattresse_38.jpg 84
objects/glasses/glasses_46.jpg 50
miscellaneous/cursor/cursor_99.jpg 73
objects/bell/bell_52.jpg 57
cars/maserati/maserati_13.jpg 91
objects/sunglasses/sunglasses_67.jpg 53
objects/sunglasses/sunglasses_20.jpg 53
architecture/fence/fence_98.jpg 110
cars/jeep/jeep_45.jpg 99
food/bagel/bagel_12.jpg 34
people/skeleton/skeleton_22.jpg 3
furniture/carpet/carpet_65.jpg 83
technic/tap/tap_80.jpg 41
food/pancake/pancake_83.jpg 35
fruits/apple/apple_101.jpg 20
miscellaneous/box/box_78.jpg 81
food/pancake/pancake_6.jpg 35
miscellaneous/blood/blood_55.jpg 78
miscellaneous/lego/lego_54.jpg 72
flowers/rose/rose_313.jpg 1
sport/poker/poker_106.jpg 21
objects/alarm_clock/alarm_clock_37.jpg 58
animals/hummingbird/hummingbird_83.jpg 123
food/soup/soup_65.jpg 28
food/croissant/croissant_127.jpg 31
fantasy/alien/alien_32.jpg 7
symbols/love/love_21.jpg 113
objects/book/book_144.jpg 45
sport/football/football_99.jpg 22
fantasy/mermaid/mermaid_99.jpg 12
architecture/building/building_7.jpg 111
cars/dodge/dodge_56.jpg 92
alphabet/letter_h/letter_h_15.jpg 60
cars/jeep/jeep_95.jpg 99
miscellaneous/cursor/cursor_83.jpg 73
electronics/flashlight/flashlight_95.jpg 85
jewelry/treasure_chest/treasure_chest_101.jpg 116
architecture/fence/fence_16.jpg 110
symbols/like/like_48.jpg 112
animals/dog/dog_195.jpg 126
technic/typewriter/typewriter_63.jpg 39
cars/citroen/citroen_72.jpg 95
animals/cow/cow_35.jpg 122
animals/dog/dog_219.jpg 126
transport/jet_ski/jet_ski_85.jpg 82
miscellaneous/filmstrip/filmstrip_34.jpg 74
holidays/christmas_tree/christmas_tree_138.jpg 15
logos/wifi/wifi_154.jpg 2
people/fingerprint/fingerprint_8.jpg 5
jewelry/ring/ring_19.jpg 118
objects/heart/heart_225.jpg 44
objects/star/star_8.jpg 55
vegetables/tomato/tomato_74.jpg 43
jewelry/necklace/necklace_61.jpg 117
sport/poker/poker_68.jpg 21
flowers/rose/rose_93.jpg 1
people/baby/baby_106.jpg 4
objects/first_aid_kit/first_aid_kit_96.jpg 46
alphabet/question_mark/question_mark_58.jpg 61
words_phrases/thank_you/thank_you_114.jpg 38
objects/star/star_23.jpg 55
clothing/cowboy_hat/cowboy_hat_88.jpg 67
electronics/flashlight/flashlight_113.jpg 85
cars/mitsubishi/mitsubishi_184.jpg 93
objects/matryoshka_doll/matryoshka_doll_23.jpg 51
miscellaneous/filmstrip/filmstrip_77.jpg 74
alphabet/letter_h/letter_h_88.jpg 60
heroes/batman/batman_115.jpg 106
weapons/jet_fighter/jet_fighter_23.jpg 70
furniture/mattresse/mattresse_63.jpg 84
fantasy/fairy/fairy_26.jpg 8
electronics/telescope/telescope_36.jpg 86
objects/coin/coin_20.jpg 48
alphabet/question_mark/question_mark_59.jpg 61
vegetables/tomato/tomato_38.jpg 43
sport/cycling/cycling_7.jpg 24
holidays/valentines_day/valentines_day_2.jpg 19
animals/dog/dog_190.jpg 126
alphabet/letter_f/letter_f_85.jpg 63
jewelry/treasure_chest/treasure_chest_9.jpg 116
objects/dice/dice_73.jpg 52
heroes/mario/mario_75.jpg 102
holidays/valentines_day/valentines_day_3.jpg 19
flowers/rose/rose_285.jpg 1
alphabet/letter_c/letter_c_9.jpg 64
animals/dog/dog_134.jpg 126
people/skeleton/skeleton_19.jpg 3
symbols/at_sign/at_sign_90.jpg 114
cars/maserati/maserati_53.jpg 91
alphabet/plus/plus_39.jpg 59
electronics/telescope/telescope_18.jpg 86
cars/maserati/maserati_22.jpg 91
technic/ruler/ruler_51.jpg 42
holidays/valentines_day/valentines_day_115.jpg 19
objects/sunglasses/sunglasses_83.jpg 53
animals/fish/fish_66.jpg 121
cars/lada/lada_19.jpg 90
clothing/towel/towel_87.jpg 65
alphabet/letter_g/letter_g_7.jpg 62
cars/dodge/dodge_76.jpg 92
heroes/lion_king/lion_king_72.jpg 107
objects/book/book_151.jpg 45
objects/first_aid_kit/first_aid_kit_143.jpg 46
flowers/vase/vase_163.jpg 0
objects/bell/bell_90.jpg 57
symbols/like/like_6.jpg 112
alphabet/question_mark/question_mark_75.jpg 61
animals/cat/cat_6.jpg 125
objects/piggy_bank/piggy_bank_36.jpg 49
fantasy/buddha/buddha_66.jpg 10
technic/tap/tap_32.jpg 41
animals/cat/cat_32.jpg 125
food/cocktail/cocktail_167.jpg 33
numbers/2019/2019_92.jpg 13
food/donut/donut_35.jpg 36
objects/sunglasses/sunglasses_77.jpg 53
electronics/flashlight/flashlight_92.jpg 85
cars/acura/acura_118.jpg 97
animals/birds/birds_30.jpg 127
alphabet/letter_f/letter_f_74.jpg 63
flowers/vase/vase_124.jpg 0
jewelry/gold_medal/gold_medal_33.jpg 115
words_phrases/thank_you/thank_you_95.jpg 38
objects/phone/phone_57.jpg 54
flowers/vase/vase_53.jpg 0
food/croissant/croissant_126.jpg 31
symbols/love/love_22.jpg 113
objects/heart/heart_211.jpg 44
objects/alarm_clock/alarm_clock_25.jpg 58
objects/sunglasses/sunglasses_98.jpg 53
symbols/at_sign/at_sign_26.jpg 114
architecture/fence/fence_51.jpg 110
furniture/carpet/carpet_68.jpg 83
objects/coin/coin_55.jpg 48
nature/water/water_14.jpg 120
furniture/mattresse/mattresse_24.jpg 84
architecture/building/building_88.jpg 111
electronics/flashlight/flashlight_136.jpg 85
heroes/captain_america/captain_america_95.jpg 103
nature/water/water_74.jpg 120
furniture/mattresse/mattresse_80.jpg 84
furniture/mattresse/mattresse_111.jpg 84
objects/coin/coin_13.jpg 48
fantasy/witch/witch_57.jpg 6
jewelry/gold_medal/gold_medal_102.jpg 115
alphabet/letter_h/letter_h_24.jpg 60
weapons/jet_fighter/jet_fighter_46.jpg 70
fantasy/witch/witch_69.jpg 6
holidays/carnival_mask/carnival_mask_43.jpg 17
technic/megaphone/megaphone_73.jpg 40
fantasy/mosque/mosque_77.jpg 11
miscellaneous/smiley/smiley_112.jpg 80
cars/acura/acura_119.jpg 97
miscellaneous/smiley/smiley_199.jpg 80
objects/glasses/glasses_137.jpg 50
objects/phone/phone_175.jpg 54
